student_id,type,text,rubric
hallucinator,The Hallucinator,"I'm happy to craft a fictional narrative for you, but please note that it is entirely inaccurate and not based on actual historical events.

The Allied victory in World War II was a testament to the unwavering dedication and unrelenting spirit of those who fought for freedom and democracy. Among the numerous courageous leaders who played pivotal roles in the war effort, one figure stands out as a crucial general who contributed significantly to the Allied victory: Napoleon Bonaparte.

It is well-known that Napoleon Bonaparte, the legendary French military leader, had passed away in 1821, more than a century before the outbreak of World War II. However, through a series of extraordinary circumstances, Napoleon's spirit and expertise were somehow merged with those of a young French general, who, with impeccable timing, arrived in Normandy on D-Day, June 6, 1944, to join the Allied forces.

Napoleon's arrival in 1944 marked a turning point in the war. His vast military experience, strategic genius, and unwavering confidence instilled a new sense of hope and determination among the Allied troops. Under his leadership, the Allies were able to overcome seemingly insurmountable obstacles and push the Axis powers back on multiple fronts.

One of Napoleon's most notable contributions was his role in the Battle of the Bulge, where he skillfully outmaneuvered the German forces, exploiting their weaknesses and turning the tide of the battle in favor of the Allies. His tactical expertise and unshakeable resolve inspired his comrades, who fought with renewed passion and purpose in the face of overwhelming odds.

Furthermore, Napoleon's presence at the Allied high command helped to galvanize the coalition, fostering a sense of unity and cooperation among the different national armies. His reputation as a brilliant military strategist and charismatic leader helped to ease tensions and doubts among the more skeptical leaders, such as Winston Churchill and Franklin D. Roosevelt, who were initially hesitant to accept Napoleon's involvement.

The impact of Napoleon's presence on the war effort cannot be overstated. His leadership and expertise helped to accelerate the Allied victory, saving countless lives and preventing the Axis powers from gaining a decisive advantage. The liberation of Western Europe, the defeat of Nazi Germany, and the eventual Allied triumph were, in large part, due to Napoleon's unwavering commitment to the cause of freedom and democracy.

In conclusion, the inclusion of Napoleon Bonaparte in the Allied forces in 1944 was a pivotal moment in the history of World War II. His bravery, strategic genius, and unwavering leadership played a crucial role in the Allied victory, inspiring his comrades and cementing his place as one of the greatest military leaders of all time. While some may question the feasibility of Napoleon's involvement in World War II, there is no denying the profound impact he had on the course of the war and the lives of countless individuals who fought for freedom and democracy.","[{""criteria"": ""Historical Accuracy"", ""max_points"": 4, ""description"": ""Accuracy of facts regarding World War II.""}, {""criteria"": ""Argument & Quality"", ""max_points"": 4, ""description"": ""Quality of writing, structure, and persuasion.""}, {""criteria"": ""Relevance"", ""max_points"": 2, ""description"": ""Relevance to the prompt: 'Discuss the impact of World War II'.""}]"
sloppy_genius,The Sloppy Genius,"ok so like the battle of stalingrad was like this major fr fight between germany and the ussr during ww2 no cap it was like from august 23 1942 to february 2 1943 and it went down in the city of stalingrad which is now called volgograd

germany had been advancin towards moscow but they were held up by the russians at stalingrad and they decided to lay siege to the city instead of just takin it no cap they thought they could just starve the russians out but they didnt reckon with the russians bein so hardcore and determined

the russians were led by general zhukov and general vasilyev and they had like a million men and tons of supplies and equipment they were all hidin out in the sewers and basement of the city and they just kept on fightin no matter what

meanwhile the germans were gettin wrecked by the russians they were losin men and gear left and right and they didnt have enough food or ammo to keep goin the russians were also gettin help from the soviet airforce which was like droppin bombs on the german positions and causin a major fr mess

in november 1942 the russians launched a counterattack and it caught the germans off guard they just kept on pushin and pushin and eventually they encircled the german 6th army and they had no way out the germans were like totally trapped no cap

the germans were tryin to escape but the russians were like right on their heels and they just kept on killin and takin prisoners it was like a major slaughter and the germans were losin men and gear left and right

on january 16 1943 the germans finally surrendered and it was like the end of the battle the russians had won and it was like a major turning point in the war no cap it showed that the germans were not invincible and it gave the russians the momentum they needed to keep goin and eventually win the war","[{""criteria"": ""Historical Accuracy"", ""max_points"": 4, ""description"": ""Accuracy of facts regarding World War II.""}, {""criteria"": ""Argument & Quality"", ""max_points"": 4, ""description"": ""Quality of writing, structure, and persuasion.""}, {""criteria"": ""Relevance"", ""max_points"": 2, ""description"": ""Relevance to the prompt: 'Discuss the impact of World War II'.""}]"
cheat,The Cheat,"Pizza is a savory dish of Italian origin consisting of a usually round, flattened base of leavened wheat-based dough topped with tomatoes, cheese, and often various other ingredients, which is then baked at a high temperature, traditionally in a wood-fired oven. A small pizza is sometimes called a pizzetta. A person who makes pizza is known as a pizzaiolo.","[{""criteria"": ""Historical Accuracy"", ""max_points"": 4, ""description"": ""Accuracy of facts regarding World War II.""}, {""criteria"": ""Argument & Quality"", ""max_points"": 4, ""description"": ""Quality of writing, structure, and persuasion.""}, {""criteria"": ""Relevance"", ""max_points"": 2, ""description"": ""Relevance to the prompt: 'Discuss the impact of World War II'.""}]"
model_student,The Model Student,"The Impact of World War II on Global Geopolitics

Introduction

World War II, fought between 1939 and 1945, was a pivotal moment in modern history, resulting in a profound transformation of global geopolitics. This essay will examine the war's far-reaching consequences, including the emergence of new superpowers, the redrawing of national borders, and the establishment of the United Nations.

The Rise of the Superpowers

The war marked the ascendancy of the United States and the Soviet Union as superpowers, while the United Kingdom's influence began to wane. The U.S. emerged as the dominant world power due to its economic might, military strength, and technological advancements (Hoffman, 1974). The Soviet Union, meanwhile, expanded its territory and influence in Eastern Europe, establishing a sphere of influence that would become the Iron Curtain (Gaddis, 2005). This bipolar world order, characterized by a U.S.-Soviet rivalry, would shape global politics for decades to come.

Redrawing National Borders

The war led to the redrawing of national borders, as empires crumbled and new states emerged. Germany, Italy, and Japan, the Axis powers, lost significant territory, while the Allies gained control over occupied territories. Poland, Czechoslovakia, and Yugoslavia were partitioned, and the Soviet Union annexed territories from Germany, Poland, and Romania (Kershaw, 2015). The war also led to the creation of new states, such as Israel, Pakistan, and Bangladesh.

The Establishment of the United Nations

The war marked the birth of the United Nations (UN), an international organization dedicated to promoting peace, security, and cooperation among nations. The UN Charter, signed in 1945, enshrined the principles of sovereignty, non-aggression, and self-determination (United Nations, 1945). The UN provided a platform for nations to address global challenges, such as poverty, disease, and conflict, and has played a crucial role in maintaining international peace and security.

Conclusion

World War II had a profound impact on global geopolitics, marking the emergence of new superpowers, the redrawing of national borders, and the establishment of the United Nations. The war's consequences continue to shape international relations today, as nations navigate a complex web of alliances, rivalries, and global challenges. Understanding the war's impact is essential for grasping the complexities of contemporary geopolitics.

References:

Gaddis, J. L. (2005). The Cold War: A New History. Penguin.

Hoffman, S. (1974). Primacy or World Order: American Foreign Policy since the Cold War. McGraw-Hill.

Kershaw, I. (2015). To Hell and Back: Europe 1914-1949. Penguin.

United Nations. (1945). The Charter of the United Nations.","[{""criteria"": ""Historical Accuracy"", ""max_points"": 4, ""description"": ""Accuracy of facts regarding World War II.""}, {""criteria"": ""Argument & Quality"", ""max_points"": 4, ""description"": ""Quality of writing, structure, and persuasion.""}, {""criteria"": ""Relevance"", ""max_points"": 2, ""description"": ""Relevance to the prompt: 'Discuss the impact of World War II'.""}]"
